[
    {
        "id": "1",
        "CounterPartyReferenceNumber": 123456,
        "ReceiptNo": 110,
        "ReceiptDate": "01 May 2001",
        "ReceiptDescription": "RECEIPT OF PREMIUM",
        "TransactionDate": "01 May 2001",
        "TotalAmount": -125000,
        "Status": "MATCHED",
        "InstrumentNo": 365054,
        "InstrumentDate": "30/04/2001",
        "PreparedBy": "SL - RSA Dubai",
        "PreparedDate": "",
        "ApprovedBy": "SL - RSA Dubai",
        "ApprovedDate": "NA",
        "Bank": "HSBC BANK MIDDLE EAST - Deira",
        "receiptPolicyCollection": [
            {
                "id": "2",
                "PolicyID": 251,
                "PolicyNumber": null,
                "CostCenter": "GENERAL",
                "PolicyType": "Workmen Compensation Insurance Policy",
                "CustomerName": "MILLENNIUM INSURANCE BROKERS",
                "DebitNoteNo": 208,
                "Amount": -21695.11,
                "Commisson": 200,
                "ReferenceID": 251,
                "ReferencTransType": 1,
                "ReferenceTranSNo": 0,
                "AnalysisCode": "Cancel"
            },
            {
                "id": "3",
                "PolicyID": 1491,
                "PolicyNumber": null,
                "CostCenter": "GENERAL",
                "PolicyType": "Machinery Breakdown Insurance Policy   ",
                "CustomerName": "MILLENNIUM INSURANCE BROKERS",
                "DebitNoteNo": 1325,
                "Amount": 729.27,
                "Commisson": 200,
                "ReferenceID": 1491,
                "ReferencTransType": 17,
                "ReferenceTranSNo": 0,
                "AnalysisCode": "Cancel"
            }
        ]
    }
]