[
    {
        "id": "1",
        "CostCentre": "GENERAL",
        "JournalDate": "01/05/2001",
        "PartyName": " DUBAI",
        "Description": null,
        "Status": null,
        "AmountDr": -368,
        "AmountCr": 0,
        "PreparedBy": "SYSTEM",
        "PreparedDate": "01/05/2001",
        "ApprovedBy": null,
        "ApprovedDate": "01/05/2001",
        "CounterPartyReferenceNumber": 0,
        "RefTranID": 1914,
        "RefTranType": 2,
        "RefTranSlNo": 517,
        "AnalysisCode": null,
        "PolicyDetails": [
            {
                "id": "2",
                "PolicyID": 1914,
                "PolicyNumber": 1341,
                "TotallingAcNumber": "MOTOR",
                "PolicyType": "Comprehensive",
                "CustomerName": "DO NOT USE-INSCO - CREDIT CLIENTS",
                "GLACNumber": 0,
                "AmountDr": 92,
                "AmountCr": 92,
                "VoucherNo": 0,
                "ReferenceID": null,
                "ReferencTransType": null,
                "ReferenceTranSNo": null,
                "AnalysisCode": null
            },
            {
                "id": "3",
                "PolicyID": 1914,
                "PolicyNumber": 1341,
                "TotallingAcNumber": "MOTOR",
                "PolicyType": "Comprehensive",
                "CustomerName": "DO NOT USE-INSCO - CREDIT CLIENTS",
                "GLACNumber": 0,
                "AmountDr": 92,
                "AmountCr": 92,
                "VoucherNo": 0,
                "ReferenceID": null,
                "ReferencTransType": null,
                "ReferenceTranSNo": null,
                "AnalysisCode": null
            },
            {
                "id": "4",
                "PolicyID": 1914,
                "PolicyNumber": 1341,
                "TotallingAcNumber": "MOTOR",
                "PolicyType": "Comprehensive",
                "CustomerName": "DO NOT USE-INSCO - CREDIT CLIENTS",
                "GLACNumber": 0,
                "AmountDr": 92,
                "AmountCr": 92,
                "VoucherNo": 0,
                "ReferenceID": null,
                "ReferencTransType": null,
                "ReferenceTranSNo": null,
                "AnalysisCode": null
            },
            {
                "id": "5",
                "PolicyID": 1914,
                "PolicyNumber": 1341,
                "TotallingAcNumber": "MOTOR",
                "PolicyType": "Comprehensive",
                "CustomerName": "DO NOT USE-INSCO - CREDIT CLIENTS",
                "GLACNumber": 0,
                "AmountDr": 92,
                "AmountCr": 92,
                "VoucherNo": 0,
                "ReferenceID": null,
                "ReferencTransType": null,
                "ReferenceTranSNo": null,
                "AnalysisCode": null
            }
        ]
    }
]