
[
    {
        "id": "1",
        "PolicyNumber": 123456,
        "CostCentre": "Motor",
        "CustomerName": "Al maya Lalsinternational",
        "Agency": "Gargash",
        "Date": "15 Mar 2018",
        "ClaimAmount": 125000,
        "Risk": "23511  DXB,Enginie 2297656,Chassis: 229945628",
        "CauseOfLoss": "collison Of Vessel",
        "NatureOfLoss": "Accidental damage",
        "claimCollection": [
            {
                "VoucherNo": 251234,
                "SlNumber": 244,
                "Type": "Claim",
                "Date": "15 Mar 2018",
                "Name": "MILLENNIUM INSURANCE BROKERS",
                "Amount": -21695.11
            },
            {
                "VoucherNo": 251234,
                "SlNumber": 244,
                "Type": "Claim",
                "Date": "15 Mar 2018",
                "Name": "MILLENNIUM INSURANCE BROKERS",
                "Amount": -21695.11
            },
            {
                "VoucherNo": 251234,
                "SlNumber": 244,
                "Type": "Claim",
                "Date": "15 Mar 2018",
                "Name": "MILLENNIUM INSURANCE BROKERS",
                "Amount": -21695.11
            },
            {
                "VoucherNo": 251234,
                "SlNumber": 244,
                "Type": "Claim",
                "Date": "15 Mar 2018",
                "Name": "MILLENNIUM INSURANCE BROKERS",
                "Amount": -21695.11
            }
        ]
    }
]

