[
    {
        "id": 1,
        "item": "Accounts",
        "divider": false
    },
    {
        "id": 2,
        "item": "Claims",
        "divider": false
    },
    {
        "id": 3,
        "item": "Underwriting",
        "divider": false
    },
    {
        "id": 4,
        "item": "Re Insurance",
        "divider": false
    },
    {
        "id": 5,
        "item": "Administration",
        "divider": true
    },
    {
        "id": 6,
        "item": "Kaizen",
        "divider": false
    },
    {
        "id": 7,
        "item": "E Cargo",
        "divider": false
    },
    {
        "id": 8,
        "item": "E Platform",
        "divider": false
    }
]