{
    "EntiteType": [
        {
            "id": 1,
            "name": "Agent"
        },
        {
            "id": 2,
            "name": "Advocate"
        },
        {
            "id": 3,
            "name": "Broker"
        },
        {
            "id": 4,
            "name": "Customer"
        },
        {
            "id": 5,
            "name": "Company"
        },
        {
            "id": 6,
            "name": "Police Station"
        },
        {
            "id": 7,
            "name": "Recovery Agent"
        },
        {
            "id": 8,
            "name": "Surveyor"
        },
        {
            "id": 9,
            "name": "Repairer"
        }
    ]
}