[
    {
        "$id": "1",
        "Mytask": {
            "$id": "2",
            "PendingApprovals": [
                {
                    "$id": "3",
                    "TaskName": "Receipts",
                    "TaskCount": 2
                },
                {
                    "$id": "4",
                    "TaskName": "Payments",
                    "TaskCount": 1
                },
                {
                    "$id": "5",
                    "TaskName": "JV",
                    "TaskCount": 0
                },
                {
                    "$id": "6",
                    "TaskName": "Credit Note",
                    "TaskCount": 0
                },
                {
                    "$id": "7",
                    "TaskName": "Tax Invoice",
                    "TaskCount": 0
                }
            ],
            "Drafts": [
                {
                    "$id": "8",
                    "TaskName": "Receipts",
                    "TaskCount": 2
                },
                {
                    "$id": "9",
                    "TaskName": "Payments",
                    "TaskCount": 0
                },
                {
                    "$id": "10",
                    "TaskName": "JV",
                    "TaskCount": 0
                },
                {
                    "$id": "11",
                    "TaskName": "Credit Note",
                    "TaskCount": 0
                },
                {
                    "$id": "12",
                    "TaskName": "Tax Invoice",
                    "TaskCount": 0
                }
            ],
            "Unapproved": [
                {
                    "$id": "13",
                    "TaskName": "Receipts",
                    "TaskCount": 1
                },
                {
                    "$id": "14",
                    "TaskName": "Payments",
                    "TaskCount": 0
                },
                {
                    "$id": "15",
                    "TaskName": "JV",
                    "TaskCount": 0
                },
                {
                    "$id": "16",
                    "TaskName": "Credit Note",
                    "TaskCount": 0
                },
                {
                    "$id": "17",
                    "TaskName": "Tax Invoice",
                    "TaskCount": 0
                }
            ]
        },
        "Reminders": {
            "$id": "18",
            "AwaitingApprovals": [
                {
                    "$id": "19",
                    "TaskCount": 2,
                    "UserId": 34,
                    "UserName": "Laila - RSA Dubai"
                },
                {
                    "$id": "20",
                    "TaskCount": 1,
                    "UserId": 58,
                    "UserName": "Yash - RSA Dubai"
                },
                {
                    "$id": "21",
                    "TaskCount": 1,
                    "UserId": 63,
                    "UserName": "Gracy - RSA Dubai"
                }
            ]
        }
    }
]