[
  {
      "TransactionNo": "1/1/020/30394437",
      "CostCentre": "Motor",
      "TaxInvoiceNo": "72342456",
      "ReceiptDescription": "RECEIPT OF PREMIUM",
      "TotalAmount": 3039,
      "CounterPartyRef": "2435624",
      "Branch": "Dubai",
      "TotallingAC": "1110 Bank Current A/C",
      "GLAccount": "04 - HSBC Middle East",
      "ReferencTransType": "Receipt",
      "ReferencTransID": "Receipt",
      "ReferencTransSLNo": "Receipt",
      "Department":"Account",
      "ProjectIndicator":"",
      "PlaceHolder":"",
      "Amount":3039
  }
  
]
